"    Copinger 5430, Schmidt VI, 63, Voulliéme: Berlin 2506, 6.  K 3309. Prov.: Don du prince de Bentheim, 1874, provenant  du couvent de Frenswegen. Rel. anc.  359  PALUDANUS PETRUS: Sermones thesauri novi de tempore.  Strasbourg, (imprimeur des Vitas Patrum), 1483, in-fol.  Copinger 5410, Pellechet: Colmar 1186, Proctor 419, Voul¬  liéme: Berlin 2251, 5.  K 3297. Prov.: Librairie Treuttel e Würtz, Strasbourg, 30. I.  1874. Au-dessous du titre: Conventus... (illisible). Ord. Praedi¬  catorum. Rel. anc.  360  PALUDANUS PETRUS: Sermones thesauri novi de tempore.  Strasbourg, (impr. des Vitas Patrum), 1484, in-fol.  Copinger III. 5411, Madsen 3017, Proctor 421, Voulliéme:  Berlin 2254.  K 3298. Prov.: Bibl. Böcking; fol. a2a; Pro Conventu B. Mariae  ad Niues Pragae Fratrum Regularis Observantiae. Notes mss.  Rel, anc.  2e ex. K 3303. Prov.: J. Bensheimer, Strasbourg, 30. VII. 1879,  15 M. Notes mss.  361  PALUDANUS PETRUS: Sermones thesauri novi de tempore.  Strasbourg, Martin Flach, 1487, in-fol.  Copinger 5414, Madsen 3018, Schmidt V, 12, Voulliéme: Ber¬  lin 4977.  K 3304. Prov.: Librairie Trübner, Strasbourg (Vente Zimber¬  lin N° 605), 29 IV. 1886, 3 M. Au haut du f. a2a; «Conventus  Colmariensis Ordinis Praedicatorum». Notes mss. f. al  manque. Rel. anc.  362  PALUDANUS PETRUS: Sermones thesauri novi de tempore.  Strasbourg, Martin Flach, 1488, in-fol.  Copinger 5416, Schmidt VI, 14.  K 3305. Prov.: Don de Fid. Butsch fils, Augsbourg, 1872. Au  haut du titre: «Monasterij Ranshouen.» A l’intérieur du  1er plat: «Ad Bibliothecam Mathiae Weentz. Anno 1570.» Rel.  anc. Notes mss.  363  76  ";"[
[
{""entity"": ""B-PER"", ""word"": ""Copinger""},
{""entity"": ""I-PER"", ""word"": ""5430,""},
{""entity"": ""B-PER"", ""word"": ""Schmidt""},
{""entity"": ""I-PER"", ""word"": ""VI,""},
{""entity"": ""B-PER"", ""word"": ""Voulliéme""},
{""entity"": ""I-PER"", ""word"": "": Berlin 2506,""}
],
[
{""entity"": ""B-PER"", ""word"": ""Prov.""},
{""entity"": ""I-PER"", ""word"": "": ""},
{""entity"": ""B-PER"", ""word"": ""Don""},
{""entity"": ""I-PER"", ""word"": "" ""},
{""entity"": ""B-PER"", ""word"": ""du""},
{""entity"": ""I-PER"", ""word"": "" ""},
{""entity"": ""B-PER"", ""word"": ""prince""},
{""entity"": ""I-PER"", ""word"": "" ""},
{""entity"": ""B-PER"", ""word"": ""de""},
{""entity"": ""I-PER"", ""word"": "" ""},
{""entity"": ""B-PER"", ""word"": ""Bentheim""},
{"","", ""entity"": ""I-PER""},
{""entity"": ""I-PER"", ""word"": ""1874,""},
{""entity"": ""B-PER"", ""word"": ""provenant""},
{""entity"": ""I-PER"", ""word"": "" ""},
{""entity"": ""B-PER"", ""word"": ""du""},
{""entity"": ""I-PER"", ""word"": "" ""},
{""entity"": ""B-PER"", ""word"": ""couvent""},
{""entity"": ""I-PER"", ""word"": "" ""},
{""entity"": ""B-PER"", ""word"": ""de""},
{""entity"": ""I-PER"", ""word"": "" ""},
{""entity"": ""B-PER"", ""word"": ""Frenswegen.""}
],
[
{""entity"": ""B-PER"", ""word"": ""Rel.""},
{""entity"": ""I-PER"", ""word"": "" ""},
{""entity"": ""B-PER"", ""word"": ""anc.""},
{""entity"": ""I-PER"", ""word"": "" ""},
{""entity"": ""B-PER"", ""word"": ""359""}
],
[
{""entity"": ""B-PER"", ""word"": ""PALUDANUS""},
{""entity"": ""I-PER"", ""word"": "" ""},
{""entity"": ""B-PER"", ""word"": ""PETRUS""},
{"":"", ""entity"": ""I-PER""},
{""entity"": ""B-PER"", ""word"": ""Sermones""},
{""entity"": ""I-PER"", ""word"": "" ""},
{""entity"": ""B-PER"", ""word"": ""thesauri""},
{""entity"": ""I-PER"", ""word"": "" ""},
{""entity"": ""B-PER"", ""word"": ""novii""},
{""entity"": ""I-PER"", ""word"": "" ""},
{""entity"": ""B-PER"", ""word"": ""de""},
{""entity"": ""I-PER"", ""word"": "" ""},
{""entity"": ""B-PER"", ""word"": ""tempore.""}
],
[
{""entity"": ""B-PER"", ""word"": ""Strasbourg""},
{"","", ""entity"": ""I-PER""},
{""entity"": ""B-PER"", ""word"": ""(""},
{""entity"": ""B-PER"", ""word"": ""imprimeur""},
{""entity"": ""I-PER"", ""word"": "" ""},
{""entity"": ""B-PER"", ""word"": ""des""},
{""entity"": ""I-PER"", ""word"": "" ""},
{""entity"": ""B-PER"", ""word"": ""Vitas""},
{""entity"": ""I-PER"", ""word"": "" ""},
{""entity"": ""B-PER"", ""word"": ""Patrum""},
{""entity"": ""I-PER"", ""word"": "")""},
{"","", ""entity"": ""I-PER""},
{""entity"": ""B-PER"", ""word"": ""1483""},
{""entity"": ""I-PER"", ""word"": "", ""},
{""entity"": ""B-PER"", ""word"": ""in-fol.""}
],
[
{""entity"": ""B-PER"", ""word"": ""Copinger""},
{""entity"": ""I-PER"", ""word"": "" ""},
{""entity"": ""B-PER"", ""word"": ""III.""},
{""entity"": ""I-PER"", ""word"": "" ""},
{""entity"": ""B-PER"", ""word"": ""5411""},
{"","", ""entity"": ""I-PER""},
{""entity"": ""B-PER"", ""word"": ""Madsen""},
{""entity"": ""I-PER"", ""word"": "" ""},
{""entity"": ""B-PER"", ""word"": ""3017""},
{"","", ""entity"": ""I-PER""},
{""entity"": ""B-PER"", ""word"": ""Proctor""},
{""entity"": ""I-PER"", ""word"": "" ""},
{""entity"": ""B-PER"", ""word"": ""421""},
{"","", ""entity"": ""I-PER""},
{""entity"": ""B-PER"", ""word"": ""Voulliéme""},
{""entity"": ""I-PER"", ""word"": "": ""},
{""entity"": ""B-PER"", ""word"": ""Berlin""},
{""entity"": ""I-PER"", ""word"": "" ""},
{""entity"": ""B-PER"", ""word"": ""2254.""}
],
[
{""entity"": ""B-PER"", ""word"": ""Prov.""},
{""entity"": ""I-PER"", ""word"": "": ""},
{""entity"": ""B-PER"", ""word"": ""Librairie""},
{""entity"": ""I-PER"", ""word"": "" ""},
{""entity"": ""B-PER"", ""word"": ""Treuttel""},
{""entity"": ""I-PER"", ""word"": "" ""},
{""entity"": ""B-PER"", ""word"": ""e""},
{""entity"": ""I-PER"", ""word"": "" ""},
{""entity"": ""B-PER"", ""word"": ""Würtz""},
{"","", ""entity"": ""I-PER""},
{""entity"": ""B-PER"", ""word"": ""Strasbourg""},
{"","", ""entity"": ""I-PER""},
{""entity"": ""B-PER"", ""word"": ""30.""},
{""entity"": ""I-PER"", ""word"": "" ""},
{""entity"": ""B-PER"", ""word"": ""I.""},
{""entity"": ""I-PER"", ""word"": "" ""},
{""entity"": ""B-PER"", ""word"": ""1874.""}
],
[
{""entity"": ""B-PER"", ""word"": ""Au-dessous""},
{""entity"": ""I-PER"", ""word"": "" ""},
{""entity"": ""B-PER"", ""word"": ""du""},
{""entity"": ""I-PER"", ""word"": "" ""},
{""entity"": ""B-PER"", ""word"": ""titre""},
{"":"", ""entity"": ""I-PER""},
{""entity"": ""B-PER"", ""word"": ""Conventus""},
{""entity"": ""I-PER"", ""word"": ""...""},
{""entity"": ""I-PER"", ""word"": "" ""},
{""entity"": ""B-PER"", ""word"": ""illisible""},
{""."", ""entity"": ""I-PER""}
],
[
{""entity"": ""B-PER"", ""word"": ""Ord.""},
{""entity"": ""I-PER"", ""word"": "" ""},
{""entity"": ""B-PER"", ""word"": ""Praedicatorum.""}
],
[
{""entity"": ""B-PER"", ""word"": ""Rel.""},
{""entity"": ""I-PER"", ""word"": "" ""},
{""entity"": ""B-PER"", ""word"": ""anc.""},
{""entity"": ""I-PER"", ""word"": "" ""},
{""entity"": ""B-PER"", ""word"": ""2e""},
{""entity"": ""I-PER"", ""word"": "" ""},
{""entity"": ""B-PER"", ""word"": ""ex.""},
{""entity"": ""I-PER"", ""word"": "" ""},
{""entity"": ""B-PER"", ""word"": ""K""},
{""entity"": ""I-PER"", ""word"": "" ""},
{""entity"": ""B-PER"", ""word"": ""3303.""}
],
[
{""entity"": ""B-PER"", ""word"": ""Prov.""},
{""entity"": ""I-PER"", ""word"": "": ""},
{""entity"": ""B-PER"", ""word"": ""J""},
{""entity"": ""I-PER"", ""word"": "".""},
{""entity"": ""B-PER"", ""word"": "" ""},
{""entity"": ""B-PER"", ""word"": ""Bensheimer""},
{""entity"": ""I-PER"", ""word"": "", ""},
{""entity"": ""B-PER"", ""word"": ""Strasbourg""},
{""entity"": ""I-PER"", ""word"": "", ""},
{""entity"": ""B-PER"", ""word"": ""30.""},
{""entity"": ""I-PER"", ""word"": "" ""},
{""entity"": ""B-PER"", ""word"": ""VII.""},
{""entity"": ""I-PER"", ""word"": "" ""},
{""entity"": ""B-PER"", ""word"": ""1879""},
{"","", ""entity"": ""I-PER""},
{""entity"": ""B-PER"", ""word"": ""15""},
{""entity"": ""I-PER"", ""word"": "" ""},
{""entity"": ""B-PER"", ""word"": ""M.""}
],
[
{""entity"": ""B-PER"", ""word"": ""Notes""},
{""entity"": ""I-PER"", ""word"": "" ""},
{""entity"": ""B-PER"", ""word"": ""mss.""}
],
[
{""entity"": ""B-PER"", ""word"": ""361""},
{""entity"": ""I-PER"", ""word"": "" ""},
{""entity"": ""B-PER"", ""word"": ""PALUDANUS""},
{""entity"": ""I-PER"", ""word"": "" ""},
{""entity"": ""B-PER"", ""word"": ""PETRUS""},
{"":"", ""entity"": ""I-PER""},
{""entity"": ""B-PER"", ""word"": ""Sermones""},
{""entity"": ""I-PER"", ""word"": "" ""},
{""entity"": ""B-PER"", ""word"": ""thesauri""},
{""entity"": ""I-PER"", ""word"": "" ""},
{""entity"": ""B-PER"", ""word"": ""novii""},
{""entity"": ""I-PER"", ""word"": "" ""},
{""entity"": ""B-PER"", ""word"": ""de""},
{""entity"": ""I-PER"", ""word"": "" ""},
{""entity"": ""B-PER"", ""word"": ""tempore.""}
],
[
{""entity"": ""B-PER"", ""word"": ""Strasbourg""},
{"","", ""entity"": ""I-PER""},
{""entity"": ""B-PER"", ""word"": ""Martin""},
{""entity"": ""I-PER"", ""word"": "" ""},
{""entity"": ""B-PER"", ""word"": ""Flach""},
{"","", ""entity"": ""I-PER""},
{""entity"": ""B-PER"", ""word"": ""1487""},
{""entity"": ""I-PER"", ""word"": "", ""},
{""entity"": ""B-PER"", ""word"": ""in-fol.""}
],
[
{""entity"": ""B-PER"", ""word"": ""Copinger""},
{""entity"": ""I-PER"", ""word"": "" ""},
{""entity"": ""B-PER"", ""word"": ""5414""},
{"","", ""entity"": ""I-PER""},
{""entity"": ""B-PER"", ""word"": ""Madsen""},
{""entity"": ""I-PER"", ""word"": "" ""},
{""entity"": ""B-PER"", ""word"": ""3018""},
{"","", ""entity"": ""I-PER""},
{""entity"": ""B-PER"", ""word"": ""Schmidt""},
{""entity"": ""I-PER"", ""word"": "" ""},
{""entity"": ""B-PER"", ""word"": ""V""},
{""entity"": ""I-PER"", ""word"": "",""},
{""entity"": ""B-PER"", ""word"": ""12""},
{""entity"": ""I-PER"", ""word"": "" ""},
{""entity"": ""B-PER"", ""word"": ""Voulliéme""},
{""entity"": ""I-PER"", ""word"": "": ""},
{""entity"": ""B-PER"", ""word"": ""Berlin""},
{""entity"": ""I-PER"", ""word"": "" ""},
{""entity"": ""B-PER"", ""word"": ""4977.""}
],
[
{""entity"": ""B-PER"", ""word"": ""Prov.""},
{""entity"": ""I-PER"", ""word"": "": ""},
{""entity"": ""B-PER"", ""word"": ""Librairie""},
{""entity"": ""I-PER"", ""word"": "" ""},
{""entity"": ""B-PER"", ""word"": ""Trübner""},
{""entity"": ""I-PER"", ""word"": "", ""},
{""entity"": ""B-PER"", ""word"": ""Strasbourg""},
{""entity"": ""I-PER"", ""word"": "" ""},
{""entity"": ""B-PER"", ""word"": ""(""},
{""entity"": ""B-PER"", ""word"": ""Vente""},
{""entity"": ""I-PER"", ""word"": "" ""},
{""entity"": ""B-PER"", ""word"": ""Zimber¬""},
{""entity"": ""I-PER"", ""word"": "" ""},
{""entity"": ""B-PER"", ""word"": ""N°""},
{""entity"": ""I-PER"", ""word"": "" ""},
{""entity"": ""B-PER"", ""word"": ""605""},
{""entity"": ""I-PER"", ""word"": "")""},
{"","", ""entity"": ""I-PER""},
{""entity"": ""B-PER"", ""word"": ""29""},
{""entity"": ""I-PER"", ""word"": "" ""},
{""entity"": ""B-PER"", ""word"": ""IV.""},
{""entity"": ""I-PER"", ""word"": "" ""},
{""entity"": ""B-PER"", ""word"": ""1886""},
{"","", ""entity"": ""I-PER""},
{""entity"": ""B-PER"", ""word"": ""3""},
{""entity"": ""I-PER"", ""word"": "" ""},
{""entity"": ""B-PER"", ""word"": ""M.""}
],
[
{""entity"": ""B-PER"", ""word"": ""Au""},
{""entity"": ""I-PER"", ""word"": "" ""},
{""entity"": ""B-PER"", ""word"": ""haut""},
{""entity"": ""I-PER"", ""word"": "" ""},
{""entity"": ""B-PER"", ""word"": ""du""},
{""entity"": ""I-PER"", ""word"": "" ""},
{""entity"": ""B-PER"", ""word"": ""titre""},
{"":"", ""entity"": ""I-PER""},
{""entity"": ""B-PER"", ""word"": ""Monasterij""},
{""entity"": ""I-PER"", ""word"": "" ""},
{""entity"": ""B-PER"", ""word"": ""Ranshouen.""}
],
[
{""entity"": ""B-PER"", ""word"": ""A""},
{""entity"": ""I-PER"", ""word"": "" ""},
{""entity"": ""B-PER"", ""word"": ""l'intérieur""},
{""entity"": ""I-PER"", ""word"": "" ""},
{""entity"": ""B-PER"", ""word"": ""du""},
{""entity"": ""I-PER"", ""word"": "" ""},
{""entity"": ""B-PER"", ""word"": ""1er""},
{""entity"": ""I-PER"", ""word"": "" ""},
{""entity"": ""B-PER"", ""word"": ""plat""},
{"":"", ""entity"": ""I-PER""},
{""entity"": ""B-PER"", ""word"": ""Ad""},
{""entity"": ""I-PER"", ""word"": "" ""},
{""entity"": ""B-PER"", ""word"": ""Bibliothecam""},
{""entity"": ""I-PER"", ""word"": "" ""},
{""entity"": ""B-PER"", ""word"": ""Mathiae""},
{""entity"": ""I-PER"", ""word"": "" ""},
{""entity"": ""B-PER"", ""word"": ""Weentz.""},
{""entity"": ""I-PER"", ""word"": "" ""},
{""entity"": ""B-PER"", ""word"": ""Anno""},
{""entity"": ""I-PER"", ""word"": "" ""},
{""entity"": ""B-PER"", ""word"": ""1570.""}
],
[
{""entity"": ""B-PER"", ""word"": ""Rel.""},
{""entity"": ""I-PER"", ""word"": "" ""},
{""entity"": ""B-PER"", ""word"": ""anc.""},
{""entity"": ""I-PER"", ""word"": "" ""},
{""entity"": ""B-PER"", ""word"": ""Notes""},
{""entity"": ""I-PER"", ""word"": "" ""},
{""entity"": ""B-PER"", ""word"": ""mss.""}
],
[
{""entity"": ""B-PER"", ""word"": ""362""},
{""entity"": ""I-PER"", ""word"": "" ""},
{""entity"": ""B-PER"", ""word"": ""PALUDANUS""},
{""entity"": ""I-PER"", ""word"": "" ""},
{""entity"": ""B-PER"", ""word"": ""PETRUS""},
{"":"", ""entity"": ""I-PER""},
{""entity"": ""B-PER"", ""word"": ""Sermones""},
{""entity"": ""I-PER"", ""word"": "" ""},
{""entity"": ""B-PER"", ""word"": ""thesauri""},
{""entity"": ""I-PER"", ""word"": "" ""},
{""entity"": ""B-PER"", ""word"": ""novii""},
{""entity"": ""I-PER"", ""word"": "" ""},
{""entity"": ""B-PER"", ""word"": ""de""},
{""entity"": ""I-PER"", ""word"": "" ""},
{""entity"": ""B-PER"", ""word"": ""tempore.""}
],
[
{""entity"": ""B-PER"", ""word"": ""Strasbourg""},
{"","", ""entity"": ""I-PER""},
{""entity"": ""B-PER"", ""word"": ""Martin""},
{""entity"": ""I-PER"", ""word"": "" ""},
{""entity"": ""B-PER"", ""word"": ""Flach""},
{"","", ""entity"": ""I-PER""},
{""entity"": ""B-PER"", ""word"": ""1488""},
{""entity"": ""I-PER"", ""word"": "", ""},
{""entity"": ""B-PER"", ""word"": ""in-fol.""}
],
[
{""entity"": ""B-PER"", ""word"": ""Copinger""},
{""entity"": ""I-PER"", ""word"": "" ""},
{""entity"": ""B-PER"", ""word"": ""5416""},
{"","", ""entity"": ""I-PER""},
{""entity"": ""B-PER"", ""word"": ""Schmidt""},
{""entity"": ""I-PER"", ""word"": "" ""},
{""entity"": ""B-PER"", ""word"": ""VI""},
{""entity"": ""I-PER"", ""word"": "", ""},
{""entity"": ""B-PER"", ""word"": ""K""},
{""entity"": ""I-PER"", ""word"": "" ""},
{""entity"": ""B-PER"", ""word"": ""3305.""}
],
[
{""entity"": ""B-PER"", ""word"": ""Prov.""},
{""entity"": ""I-PER"", ""word"": "": ""},
{""entity"": ""B-PER"", ""word"": ""Don""},
{""entity"": ""I-PER"", ""word"": "" ""},
{""entity"": ""B-PER"", ""word"": ""de""},
{""entity"": ""I-PER"", ""word"": "" ""},
{""entity"": ""B-PER"", ""word"": ""Fid.""},
{""entity"": ""I-PER"", ""word"": "" ""},
{""entity"": ""B-PER"", ""word"": ""Butsch""},
{""entity"": ""I-PER"", ""word"": "" ""},
{""entity"": ""B-PER"", ""word"": ""fils""},
{""entity"": ""I-PER"", ""word"": "", ""},
{""entity"": ""B-PER"", ""word"": ""Augsbourg""},
{""entity"": ""I-PER"", ""word"": "", ""},
{""entity"": ""B-PER"", ""word"": ""1872.""}
],
[
{""entity"": ""B-PER"", ""word"": ""Au""},
{""entity"": ""I-PER"", ""word"": "" ""},
{""entity"": ""B-PER"", ""word"": ""haut""},
{""entity"": ""I-PER"", ""word"": "" ""},
{""entity"": ""B-PER"", ""word"": ""du""},
{""entity"": ""I-PER"", ""word"": "" ""},
{""entity"": ""B-PER"", ""word"": ""titre""},
{"":"", ""entity"": ""I-PER""},
{""entity"": ""B-PER"", ""word"": ""Monasterij""},
{""entity"": ""I-PER"", ""word"": "" ""},
{""entity"": ""B-PER"", ""word"": ""Ranshouen.""}
],
[
{""entity"": ""B-PER"", ""word"": ""A""},
{""entity"": ""I-PER"", ""word"": "" ""},
{""entity"": ""B-PER"", ""word"": ""l'intérieur""},
{""entity"": ""I-PER"", ""word"": "" ""},
{""entity"": ""B-PER"", ""word"": ""du""},
{""entity"": ""I-PER"", ""word"": "" ""},
{""entity"": ""B-PER"", ""word"": ""1er""},
{""entity"": ""I-PER"", ""word"": "" ""},
{""entity"": ""B-PER"", ""word"": ""plat""},
{"":"", ""entity"": ""I-PER""},
{""entity"": ""B-PER"", ""word"": ""Ad""},
{""entity"": ""I-PER"", ""word"": "" ""},
{""entity"": ""B-PER"", ""word"": ""Bibliothecam""},
{""entity"": ""I-PER"", ""word"": "" ""},
{""entity"": ""B-PER"", ""word"": ""Mathiae""},
{""entity"": ""I-PER"", ""word"": "" ""},
{""entity"": ""B-PER"", ""word"": ""Weentz.""},
{""entity"": ""I-PER"", ""word"": "" ""},
{""entity"": ""B-PER"", ""word"": ""Anno""},
{""entity"": ""I-PER"", ""word"": "" ""},
{""entity"": ""B-PER"", ""word"": ""1570.""}
],
[
{""entity"": ""B-PER"", ""word"": ""Rel.""},
{""entity"": ""I-PER"", ""word"": "" ""},
{""entity"": ""B-PER"", ""word"": ""anc.""},
{""entity"": ""I-PER"", ""word"": "" ""},
{""entity"": ""B-PER"", ""word"": ""Notes""},
{""entity"": ""I-PER"", ""word"": "" ""},
{""entity"": ""B-PER"", ""word"": ""mss.""}
],
[
{""entity"": ""B-PER"", ""word"": ""363""}
]
]"
" PARATUS (Idem). — [Strasbourg, Martin Flach s. d.), in-4°.  Hain 12402, Polain 3515, Madsen 3040, Voulliéme : Berlin 2516.  554  <0x0A> PARATUS (Idem). — (Strasbourg, Martin Flach s. d.] in-4°. Hain 12403, Polain 3516, Proctor 722.  555  <0x0A>556>  PARATUS (Idem). — Strasbourg, Martin Flach s. d.), in-fol. Hain 12404; Proctor 730.  556  <0x0A> PARATUS (Idem). — Strasbourg, Martin Flach 1491, in-fol.  Copinger II, 4600.  557  <0x0A> PARATUS (Idem). — Haguenau, Henri Gran 1500, in-4°.  Copinger II, 4601.  558  ";"[
[
{""entity"": ""B-PER"", ""word"": ""PARATUS""},
{""entity"": ""I-PER"", ""word"": "" (""},
{""entity"": ""I-PER"", ""word"": ""Idem""""},
{""entity"": ""I-PER"", ""word"": "").""}
],
[
{""entity"": ""B-LOC"", ""word"": ""Strasbourg""},
{""entity"": ""I-LOC"", ""word"": "",""},
{""entity"": ""B-PER"", ""word"": ""Martin""},
{""entity"": ""I-PER"", ""word"": "" ""},
{""entity"": ""I-PER"", ""word"": ""Flach""},
{""entity"": ""I-PER"", ""word"": "" ""},
{""entity"": ""I-PER"", ""word"": ""s.""},
{""entity"": ""I-PER"", ""word"": "" ""},
{""entity"": ""I-PER"", ""word"": ""d.""},
{""entity"": ""I-PER"", ""word"": "")""}
],
[
{""entity"": ""B-DATE"", ""word"": ""1520""},
{""entity"": ""I-DATE"", ""word"": "";""},
{""entity"": ""B-DATE"", ""word"": ""1530""},
{""entity"": ""I-DATE"", ""word"": "";""},
{""entity"": ""B-DATE"", ""word"": ""1540""},
{""entity"": ""I-DATE"", ""word"": "";""},
{""entity"": ""B-DATE"", ""word"": ""1550""}
]
],
[
[
{""entity"": ""B-PER"", ""word"": ""PARATUS""},
{""entity"": ""I-PER"", ""word"": "" (""},
{""entity"": ""I-PER"", ""word"": ""Idem""""},
{""entity"": ""I-PER"", ""word"": "").""}
],
[
{""entity"": ""B-LOC"", ""word"": ""Strasbourg""},
{""entity"": ""I-LOC"", ""word"": "",""},
{""entity"": ""B-PER"", ""word"": ""Martin""},
{""entity"": ""I-PER"", ""word"": "" ""},
{""entity"": ""I-PER"", ""word"": ""Flach""},
{""entity"": ""I-PER"", ""word"": "" ""},
{""entity"": ""I-PER"", ""word"": ""s.""},
{""entity"": ""I-PER"", ""word"": "" ""},
{""entity"": ""I-PER"", ""word"": ""d.""},
{""entity"": ""I-PER"", ""word"": ""]""}
],
[
{""entity"": ""B-DATE"", ""word"": ""1520""},
{""entity"": ""I-DATE"", ""word"": "";""},
{""entity"": ""B-DATE"", ""word"": ""1530""},
{""entity"": ""I-DATE"", ""word"": "";""},
{""entity"": ""B-DATE"", ""word"": ""1540""}
]
],
[
[
{""entity"": ""B-PER"", ""word"": ""PARATUS""},
{""entity"": ""I-PER"", ""word"": "" (""},
{""entity"": ""I-PER"", ""word"": ""Idem""""},
{""entity"": ""I-PER"", ""word"": "").""}
],
[
{""entity"": ""B-LOC"", ""word"": ""Strasbourg""},
{""entity"": ""I-LOC"", ""word"": "",""},
{""entity"": ""B-PER"", ""word"": ""Martin""},
{""entity"": ""I-PER"", ""word"": "" ""},
{""entity"": ""I-PER"", ""word"": ""Flach""},
{""entity"": ""I-PER"", ""word"": "" ""},
{""entity"": ""I-PER"", ""word"": ""s.""},
{""entity"": ""I-PER"", ""word"": "" ""},
{""entity"": ""I-PER"", ""word"": ""d.""},
{""entity"": ""I-PER"", ""word"": "")""}
],
[
{""entity"": ""B-DATE"", ""word"": ""1491""},
{""entity"": ""I-DATE"", ""word"": "";""},
{""entity"": ""B-DATE"", ""word"": ""1500""}
]
],
[
[
{""entity"": ""B-PER"", ""word"": ""PARATUS""},
{""entity"": ""I-PER"", ""word"": "" (""},
{""entity"": ""I-PER"", ""word"": ""Idem""""},
{""entity"": ""I-PER"", ""word"": "").""}
],
[
{""entity"": ""B-LOC"", ""word"": ""Haguenau""},
{""entity"": ""I-LOC"", ""word"": "",""},
{""entity"": ""B-PER"", ""word"": ""Henri""},
{""entity"": ""I-PER"", ""word"": "" ""},
{""entity"": ""I-PER"", ""word"": ""Gran""},
{""entity"": ""I-PER"", ""word"": "" ""},
{""entity"": ""I-PER"", ""word"": ""1500""},
{""entity"": ""I-PER"", ""word"": "";""},
{""entity"": ""B-DATE"", ""word"": ""1500""},
{""entity"": ""I-DATE"", ""word"": "" ""},
{""entity"": ""I-PER"", ""word"": ""in-4°.""}
]
]
]"
"  PARATUS (Idem). — [Strasbourg, Martin Flach s. d.), in-4°.  Hain 12402, Polain 3515, Madsen 3040, Voulliéme : Berlin 2516.  554  <0x0A> PARATUS (Idem). — (Strasbourg, Martin Flach s. d.] in-4°. Hain 12403, Polain 3516, Proctor 722.  555  <0x0A>556>  PARATUS (Idem). — Strasbourg, Martin Flach s. d.), in-fol. Hain 12404; Proctor 730.  556  <0x0A> PARATUS (Idem). — Strasbourg, Martin Flach 1491, in-fol.  Copinger II, 4600.  557  <0x0A> PARATUS (Idem). — Haguenau, Henri Gran 1500, in-4°.  Copinger II, 4601.  558  <0x0A> PAULSDORF, Martin. Voir : Agenda Wratislaviensis, n° 16.  <0x0A>  PELBARTUS de Themeswar : Expositio libri Psalmorum,  Hymnorum et Soliloquorum.  — Strasbourg 1487, in-fol.  Hain 12561.  559  <0x0A> PELBARTUS de Themeswar : Stellarium coronae Beatae  Virginis Mariae.  — Strasbourg 1490, in-fol.  Hain 12565.  560  <0x0A> PELBARTUS de Themeswar: Stellarium coronae B. V. Mariae. —  Haguenau, H. Gran 1498, in-fol.  Hain 12566.  561  <0x0A> PELBARTUS DE THEMESWAR : Sermones Pomerii. —  Haguenau, Henri Gran pour Rynman, 8 juin 1500,  in-fol.  Hain 12556, Walter n° 361; Voulliéme : Berlin 1185; Burg 27.  562  <0x0A> SCHWENCKFELD, Caspar : Bekantnuss vom H. Sacrament des  leibs unnd bluts Christi, auff frag und antwort gestellet... — Strasbourg (Hans Schweintzer 1530), in-8°.  Wackernagel 364, 7.  3206  <0x0A> SCHWENCKFELD, Caspar : Summarium. — Haguenau,  Valentin Kobian 1535.  Ritter, Hist. impr. app. 459.  3027  <0x0A> SCHWENCKFELD, Caspar : Von erbawung des gewissens und  zunemen des glaubens und eines gottsäligen christlichen  lebens. — Strasbourg 1534, in-4°.  Graesse VI, p. 323.  3208  <0x0A> SCHWENCKFELD, C. Voir aussi: SPECKER, Melch., n° 3259.  (RITTER, Rép. n° 2105/6).  <0x0A>   SCRIPTUM: collocutorum Augustanae Confessionis, qui in  urbe Vangiorum (Worms) fuerunt, donec adversarii  colloquium abrupuerunt anno 1557.  — Strasbourg,  Samuel Emmel 1557, in-8°.  Schottenloher 41.420.  3209  <0x0A> SEBASTIANUS, Claudius Metensis : Bellum musicale inter  plani et mensuralis cantus reges, de principatu  in musicae provincia obtinendo, contendentes.  —  Strasbourg, Paulus Machaeropoeus 1563, in-40.  Graesse VI, p. 337; Rosenthal (Munich), Catal. 135 (1914),  n° 2174: 100 M.  3210  <0x0A> SEBITZ, Melchior. Voir : BocK, Hieronymus, Kräuterbuch,  n° 1023.  <0x0A> (SECER, Johannes) : Contenta. De literis Graecis ac Dipth¬  tongis (sic)...  — Haguenau, Thomas Anshelm s. d., in-40.  B U Paris (Réserve 851), Beaulieux, p. 267.  3211  <0x0A>  Reuchlin ex urbe Roma allata, idque paucis ab hinc  diebus. — ( Haguenau  Thomas Anshelm,  après mai  1518), in-4°.  Panzer VII 422.112; Neufforge p. 376, Benzing : Hutten,  n° 61: B N Strasbourg (oublié au Rép.), B N Vienne, Steinfeld  (Schlüchtern).  1557a  <0x0A>  EPPENDORF, Henricus : Ad D. Erasmi Roterodami libellum,  cui titulus, adversus Mendacium &amp; Obtrectationem  utilis admonitio, Justa Querela.  — Haguenau , Jean Secer ,  février 1531, in-80.  Walter, n° 1155; Burg, n° 166.  1558  <0x0A> EPPENDORF, Henricus. Voir aussi : AccOLTI, Benedetto n° 733; PLUTARCHUS, nos 2959, 2960, 2957; FLORUS,  L. A. n° 1740; RITTER, Rép, nos 703-704.  <0x0A>ERASMUS, Alberus. Voir: ALBERUS, Erasmus.<0x0A>  ERASMUS, Roterodamus (Annotationes) : in Leges Pontificias  et Caesareas. De Haereticis. Epistolae aliquot Gerardi  Noviomagi. De re Evangelica &amp; Haereticorum poenis.  Ad Carolum Quintum. Ad Germanorum Principes, in  conventu Spirens. Ad Carolum Gelriorum Ducem. Ad  Philippum Hessorum Principem.  — Strasbourg , Christian Egenolph 1529, in-8°.  Van der Haeghen II p. 31 et suiv. : Berne, Bologne, Breslau,  Copenhague, Dresde, Paris, etc.; Benzing: Egenolff, n° 9.  1559  <0x0A>  ERASMUS : Antibarbara. — Strasbourg, Math. Schürer vers  1518 , in-80.  Rest : Erasmus p. 47 : B U Fribourg-en-Br. 1559a  <0x0A>  ERASMUS (Antibarbara) : (Idem). — Strasbourg, Jean Knobloch , juillet 1527, in-80.  Van der Haeghen II, 79 : Erlangen, Madrid, Vesoul. (Ritter,  Rép, n° 741 : Knobloch 1520, Knobloch 1521 (Rép. 750),  Knobloch 1522 (Rép. 756)).  1560  <0x0A> Baer, Frankfurt a. M., Katalog 500 (1907) Nr. 806; 30 M.  GK (unter Marnix von Ste. Aldegonde): SB Berlin; UB Breslau.  126, 131, 135, 161, 304, 317, 367; Weller, Die falschen u. fing. Druck¬  Goedeke II2, S. 498/9, Nr. 372; Hauffen I, 65, 73, 75; II, 108-  orte, S. 4.  855  <0x0A> FISCHART Johann [Strassburg, Bern. Jobinl 1581  Binenkorb! Desz Heyl. Römischen Jmen schwarms,  seiner Hummelszellen (oder Himmels- zellen) Hurnausz¬  näster, Brämenge- schwürm vnd Wäspengetösz.Sampt  Läuterung der Heyl. Röm. Kirchen Ho¬ nigwaben...  ...vnd mit Mentzerkletten durchzirt. Durch Jesuwalt  Pickhart, des Canonischen Rech- tens Canonisirten oder  Gewürdigten, &amp;c.  Holeschn. u. Verse wie in der Ausgabe von 1580.  Darunter: Getruckt Zu Christlingen. (Rücks. leer.)  Am Schluss: EXPLICIT Expliciunt  Sagt die Katz zum Hund,  Würst sind vngesund.  Getruckt zu Christlingen bey Vrsino Gottgwinn. M. D.  LXXXI.  80, Got., 246 num., 17 unn. Bll., 1 leeres Bl., Kopft., Kust, Marg.,  Titel rot u. schwvarz; letztes Bl. fälschlich 245, das vorletste ist nicht  numeriert.  Bl. 2a-3a: Vorstosz.suwalti Pickhart, des Geist¬  lichen Gewürdigsten, an den lieben Hummelscheuen doch  nit Himmelscheuen";"[
[
{""entity"": ""B-PER"", ""word"": ""PARATUS""},
{""entity"": ""I-PER"", ""word"": ""Idem""},
],
[
{""entity"": ""B-LOC"", ""word"": ""Strasbourg""},
{""entity"": ""I-LOC"", ""word"": "",""},
{""entity"": ""B-PER"", ""word"": ""Martin""},
{""entity"": ""I-PER"", ""word"": ""Flach""},
{""entity"": ""I-PER"", ""word"": ""s.""},
{""entity"": ""I-PER"", ""word"": ""d""},
],
[
{""entity"": ""B-DATE"", ""word"": ""1530""},
],
[
{""entity"": ""B-PER"", ""word"": ""Hain""},
{""entity"": ""I-PER"", ""word"": ""12402""},
],
[
{""entity"": ""B-PER"", ""word"": ""Polain""},
{""entity"": ""I-PER"", ""word"": ""3515""},
],
[
{""entity"": ""B-PER"", ""word"": ""Madsen""},
{""entity"": ""I-PER"", ""word"": ""3040""},
],
[
{""entity"": ""B-PER"", ""word"": ""Voulliéme""},
{""entity"": ""I-PER"", ""word"": "":""},
{""entity"": ""B-DATE"", ""word"": ""Berlin""},
{""entity"": ""I-DATE"", ""word"": ""2516""},
]
],
[
[
{""entity"": ""B-PER"", ""word"": ""PARATUS""},
{""entity"": ""I-PER"", ""word"": ""Idem""},
],
[
{""entity"": ""B-LOC"", ""word"": ""Strasbourg""},
{""entity"": ""I-LOC"", ""word"": "",""},
{""entity"": ""B-PER"", ""word"": ""Martin""},
{""entity"": ""I-PER"", ""word"": ""Flach""},
{""entity"": ""I-PER"", ""word"": ""s.""},
{""entity"": ""I-PER"", ""word"": ""d""},
],
[
{""entity"": ""B-DATE"", ""word"": ""1530""},
]
],
...
[
[
{""entity"": ""B-PER"", ""word"": ""Jesuwalt""},
{""entity"": ""I-PER"", ""word"": ""Pickhart""},
],
[
{""entity"": ""B-PER"", ""word"": ""Canonischen""},
{""entity"": ""I-PER"", ""word"": ""Rech-""},
{""entity"": ""I-PER"", ""word"": ""ens""},
{""entity"": ""I-PER"", ""word"": ""Canonisirten""},
{""entity"": ""I-PER"", ""word"": ""oder""},
{""entity"": ""I-PER"", ""word"": ""Gewürdigten""},
],
[
{""entity"": ""B-LOC"", ""word"": ""Christlingen""},
{""entity"": ""I-LOC"", ""word"": ""bei""},
{""entity"": ""B-PER"", ""word"": ""Vrsino""},
{""entity"": ""I-PER"", ""word"": ""Gottgwinn""},
]
]
]"
